Mutation type,Trinucleotide,Skin-Melanoma::MSI-H.S.1
C>A,ACA,721
C>A,ACC,479
C>A,ACG,144
C>A,ACT,560
C>A,CCA,695
C>A,CCC,550
C>A,CCG,149
C>A,CCT,568
C>A,GCA,480
C>A,GCC,367
C>A,GCG,97
C>A,GCT,341
C>A,TCA,823
C>A,TCC,1058
C>A,TCG,137
C>A,TCT,770
C>G,ACA,255
C>G,ACC,283
C>G,ACG,204
C>G,ACT,345
C>G,CCA,355
C>G,CCC,520
C>G,CCG,291
C>G,CCT,437
C>G,GCA,157
C>G,GCC,318
C>G,GCG,126
C>G,GCT,295
C>G,TCA,325
C>G,TCC,531
C>G,TCG,140
C>G,TCT,655
C>T,ACA,1889
C>T,ACC,18966
C>T,ACG,7865
C>T,ACT,6959
C>T,CCA,33446
C>T,CCC,49320
C>T,CCG,10354
C>T,CCT,47068
C>T,GCA,744
C>T,GCC,8795
C>T,GCG,4550
C>T,GCT,7033
C>T,TCA,78545
C>T,TCC,173182
C>T,TCG,43627
C>T,TCT,53946
T>A,ATA,1339
T>A,ATC,698
T>A,ATG,1010
T>A,ATT,4251
T>A,CTA,412
T>A,CTC,392
T>A,CTG,426
T>A,CTT,666
T>A,GTA,431
T>A,GTC,280
T>A,GTG,429
T>A,GTT,453
T>A,TTA,1218
T>A,TTC,878
T>A,TTG,448
T>A,TTT,1518
T>C,ATA,2101
T>C,ATC,830
T>C,ATG,1768
T>C,ATT,2575
T>C,CTA,1137
T>C,CTC,709
T>C,CTG,822
T>C,CTT,2593
T>C,GTA,803
T>C,GTC,411
T>C,GTG,541
T>C,GTT,2350
T>C,TTA,2758
T>C,TTC,967
T>C,TTG,1079
T>C,TTT,1805
T>G,ATA,367
T>G,ATC,292
T>G,ATG,651
T>G,ATT,464
T>G,CTA,225
T>G,CTC,289
T>G,CTG,437
T>G,CTT,350
T>G,GTA,237
T>G,GTC,186
T>G,GTG,693
T>G,GTT,652
T>G,TTA,498
T>G,TTC,539
T>G,TTG,418
T>G,TTT,772
